[
  {"model": "game.quiz", "pk": 1, "fields": {"year": 1990, "week": 1}},

  {"model": "game.question", "pk": 1, "fields": {"question": "Q?", "option1": "O1", "option2": "O2", "option3": "O3", "option4": "O4"}},
  {"model": "game.question", "pk": 2, "fields": {"question": "Q?", "option1": "O1", "option2": "O2", "option3": "O3", "option4": "O4"}},
  {"model": "game.question", "pk": 3, "fields": {"question": "Q?", "option1": "O1", "option2": "O2", "option3": "O3", "option4": "O4"}},
  {"model": "game.question", "pk": 4, "fields": {"question": "Q?", "option1": "O1", "option2": "O2", "option3": "O3", "option4": "O4"}},
  {"model": "game.question", "pk": 5, "fields": {"question": "Q?", "option1": "O1", "option2": "O2", "option3": "O3", "option4": "O4"}},
  {"model": "game.question", "pk": 6, "fields": {"question": "Q?", "option1": "O1", "option2": "O2", "option3": "O3", "option4": "O4"}},
  {"model": "game.question", "pk": 7, "fields": {"question": "Q?", "option1": "O1", "option2": "O2", "option3": "O3", "option4": "O4"}},
  {"model": "game.question", "pk": 8, "fields": {"question": "Q?", "option1": "O1", "option2": "O2", "option3": "O3", "option4": "O4"}},
  {"model": "game.question", "pk": 9, "fields": {"question": "Q?", "option1": "O1", "option2": "O2", "option3": "O3", "option4": "O4"}},
  {"model": "game.question", "pk": 10, "fields": {"question": "Q?", "option1": "O1", "option2": "O2", "option3": "O3", "option4": "O4"}},

  {"model": "game.quizquestion", "pk": 1, "fields": {"quiz": 1, "question": 1, "question_index": 1}},
  {"model": "game.quizquestion", "pk": 2, "fields": {"quiz": 1, "question": 2, "question_index": 2}},
  {"model": "game.quizquestion", "pk": 3, "fields": {"quiz": 1, "question": 3, "question_index": 3}},
  {"model": "game.quizquestion", "pk": 4, "fields": {"quiz": 1, "question": 4, "question_index": 4}},
  {"model": "game.quizquestion", "pk": 5, "fields": {"quiz": 1, "question": 5, "question_index": 5}},
  {"model": "game.quizquestion", "pk": 6, "fields": {"quiz": 1, "question": 6, "question_index": 6}},
  {"model": "game.quizquestion", "pk": 7, "fields": {"quiz": 1, "question": 7, "question_index": 7}},
  {"model": "game.quizquestion", "pk": 8, "fields": {"quiz": 1, "question": 8, "question_index": 8}},
  {"model": "game.quizquestion", "pk": 9, "fields": {"quiz": 1, "question": 9, "question_index": 9}},
  {"model": "game.quizquestion", "pk": 10, "fields": {"quiz": 1, "question": 10, "question_index": 10}},

  {"model": "auth.User", "pk": 1, "fields": {"username":  "user_a"}},
  {"model": "auth.User", "pk": 2, "fields": {"username":  "user_b"}},

  {"model": "game.answer", "pk": 1, "fields": {"user": 1, "quiz_question": 1, "answer": 1}},
  {"model": "game.answer", "pk": 2, "fields": {"user": 1, "quiz_question": 2, "answer": 1}},
  {"model": "game.answer", "pk": 3, "fields": {"user": 1, "quiz_question": 3, "answer": 1}},
  {"model": "game.answer", "pk": 4, "fields": {"user": 1, "quiz_question": 4, "answer": 1}},
  {"model": "game.answer", "pk": 5, "fields": {"user": 1, "quiz_question": 5, "answer": 1}},
  {"model": "game.answer", "pk": 6, "fields": {"user": 1, "quiz_question": 6, "answer": 1}},
  {"model": "game.answer", "pk": 7, "fields": {"user": 1, "quiz_question": 7, "answer": 1}},
  {"model": "game.answer", "pk": 8, "fields": {"user": 1, "quiz_question": 8, "answer": 1}},
  {"model": "game.answer", "pk": 9, "fields": {"user": 1, "quiz_question": 9, "answer": 1}},
  {"model": "game.answer", "pk": 10, "fields": {"user": 1, "quiz_question": 10, "answer": 1}},

  {"model": "game.answer", "pk": 12, "fields": {"user": 2, "quiz_question": 1, "answer": 1}},
  {"model": "game.answer", "pk": 13, "fields": {"user": 2, "quiz_question": 2, "answer": 2}},
  {"model": "game.answer", "pk": 14, "fields": {"user": 2, "quiz_question": 3, "answer": 3}},
  {"model": "game.answer", "pk": 11, "fields": {"user": 2, "quiz_question": 4, "answer": 4}},
  {"model": "game.answer", "pk": 15, "fields": {"user": 2, "quiz_question": 5, "answer": 1}},
  {"model": "game.answer", "pk": 16, "fields": {"user": 2, "quiz_question": 6, "answer": 2}},
  {"model": "game.answer", "pk": 17, "fields": {"user": 2, "quiz_question": 7, "answer": 3}},
  {"model": "game.answer", "pk": 18, "fields": {"user": 2, "quiz_question": 8, "answer": 4}},
  {"model": "game.answer", "pk": 19, "fields": {"user": 2, "quiz_question": 9, "answer": 1}},
  {"model": "game.answer", "pk": 20, "fields": {"user": 2, "quiz_question": 10, "answer": 2}}
]